ID,BDnr_1987,Map_1987,BD_Type_1987_Tommy,BD_Type_1987_Kommune,Pub_size_Tommy,Pub_size_Kommune,Address_1987,Long_1987_kml,Lat_1987_kml,Coordinats_changed_by_Andreas,Status_1987,Status_2024,Year_of_Change,Notes_A,FAIMS_verified,FAIMS_ID,FAIMS_Latitude,FAIMS_Longitude,FAIMS_Type,Notes_A_FAIMS,Agreement_on_Type,Final_type,Notes_A_Type,Final_Pub_Size,X1987_Location_Based_on,X1987_Location_Accuracy,Final_Longitude_2024,Final_Latitude_2024,X2024_Location_Based_On,X2024_Location_Accuracy,Needs_Revisit,Year_of_Construction,longitude,latitude
5,1714,48,III,III,50,50,Åbyvej v/kirken,10.1628255593961,56.1459963936966,NO,NA,NA,No known change,No notes from Andreas,No,NA,NA,NA,NA,NA,Yes,III,No FAIMS,50,KML,2,56.1459963936966,10.1628255593961,KML,1,"Needs FAIMS, unsure if still exist",NA,10.1628255593961,56.1459963936966
8,1713,45,III,III,50,50,Arnegårdsvej 13,10.148211252275,56.1508595172895,NO,NA,NA,No known change,No notes from Andreas,No,NA,NA,NA,NA,NA,Yes,III,No FAIMS,50,KML,2,56.1508595172895,10.148211252275,KML,1,"Unsure of the location, missing FAIMS",NA,10.148211252275,56.1508595172895
13,1729,46,III,III,50,50,Thyregodsvej v/skolen,10.156679,56.157726,YES,NA,NA,No known change,Location is based on the maps from 1987 and google maps and added by Andreas,No,NA,NA,NA,NA,NA,Yes,III,no FAIMS,50,Google Maps,5,56.157726,10.156679,Google Maps,5,Needs FAIMS,NA,10.156679,56.157726
14,1720,45,III,III,50,50,Thyregodsvej 48,10.1553029776708,56.1574845034679,NO,NA,NA,No known change,No notes from Andreas,No,NA,NA,NA,NA,NA,Yes,III,no FAIMS,50,KML,2,56.1574845034679,10.1553029776708,KML,1,"Needs FAIMS, unsure if still exist",NA,10.1553029776708,56.1574845034679
15,1702,45,III,III,50,50,Silkeborgvej 330,10.1485407854064,56.1541436403169,NO,NA,NA,No known change,No notes from Andreas,No,NA,NA,NA,NA,NA,Yes,III,no FAIMS,50,KML,2,56.1541436403169,10.1485407854064,KML,1,"Needs FAIMS, unsure if still exist",NA,10.1485407854064,56.1541436403169
16,2003,44,IV,IV,50,50,Silkeborgvej v/Engbakken,10.1127739024331,56.1527547874712,NO,NA,NA,No known change,No notes from Andreas,No,NA,NA,NA,NA,NA,Yes,IV,no FAIMS,50,KML,4,56.1527547874712,10.1127739024331,KML,4,Needs FAIMS,NA,10.1127739024331,56.1527547874712
17,2002,43,IV,IV,50,50,Truevej v/Brabrand El Værk,10.1010808543556,56.1539949613797,NO,NA,exist,No known change,No notes from Andreas,No,NA,NA,NA,NA,NA,Yes,IV,no FAIMS,50,KML,2,56.1539949613797,10.1010808543556,KML,2,"Needs FAIMS, unsure if still exist",NA,10.1010808543556,56.1539949613797
18,2001,43,IV,IV,50,50,Sødalsvej 1,10.0938968248128,56.1529010065201,NO,NA,NA,No known change,No notes from Andreas,No,NA,NA,NA,NA,NA,Yes,IV,no FAIMS,50,KML,2,56.1529010065201,10.0938968248128,KML,1,"Needs FAIMS, unsure if still exist",NA,10.0938968248128,56.1529010065201
19,1623,50/64,III,III,50,50,V. Kongevej v/Stadion,10.1584629733213,56.126766403225,NO,NA,moved,1990,"Andreas combined the 2 shelters named 1623, as it was the same shelter, which had been moved. It shows up in both map 50 and 64. As it is mapped with a blue marker on map 64 it is believed that is where it was moved to and is therefore stated to have been at Skanderborgvej in 1987 and been moved in 1990. Tommy wrote 1980, but it is believed he read the map wrong, as it looks like 1990 instead on the map from 1987",No,NA,NA,NA,NA,NA,Yes,III,no FAIMS,50,KML,2,56.17327,10.1367275719015,KML,4,Needs FAIMS for new location,NA,10.1584629733213,56.126766403225
20,123,49,III A,III A,100,100,Skanderborgvej v/Viby Stadion,10.152106,56.123555,YES,ST,NA,No known change,Andreas changed location to one in maps from 1987 and google maps due to same location as another.,No,NA,NA,NA,NA,NA,Yes,IIIA,no FAIMS,100,Google Maps,2,NA,NA,NA,NA,Is it destroyed or moved? Can't be seen on location,NA,10.152106,56.123555
21,124,50,III A,III A,100,100,Skanderborgvej v/Viby Stadion,10.153626578686,56.1241998405971,NO,ST,NA,No known change,No notes from Andreas,No,NA,NA,NA,NA,NA,Yes,IIIA,no FAIMS,100,KML,2,56.1241998405971,10.153626578686,KML,1,"Needs FAIMS, unsure if still exist",NA,10.153626578686,56.1241998405971
22,335,49,III A,III A,100,100,Skanderborgvej v/Viby Stadion,10.151812,56.123457,YES,ST,NA,No known change,Andreas changed location to one in maps from 1987 and google maps due to same location as another.,No,NA,NA,NA,NA,NA,Yes,IIIA,no FAIMS,100,Google Maps,2,NA,NA,NA,NA,Is it destroyed or moved? Can't be seen on location,NA,10.151812,56.123457
23,1620,49,III,III,50,50,Vester Kongevej o/f.5,10.1527800659827,56.1230844204578,NO,NA,NA,No known change,No notes from Andreas,No,NA,NA,NA,NA,NA,Yes,III,no FAIMS,50,KML,2,NA,NA,NA,NA,"Needs FAIMS, unsure if still exist",NA,10.1527800659827,56.1230844204578
24,1614,51/62,III,III,50,50,Kirkegården v/ Grundtvigsvej,10.169782882663,56.1294906662584,NO,ST,moved,Missing,Andreas has merged the 2 number 1614 as it has been moved based on Tommy's statement in KML and TommyShelterAttributes. Address changed to match the first location by Andreas. Tommy placed the shelter at the new location Kunnerupvej v/gården Kolt,No,NA,NA,NA,NA,NA,Yes,III,no FAIMS,50,KML,2,56.109136,10.074663,Google Maps,2,Needs date of move and FAIMS,NA,10.169782882663,56.1294906662584
25,209,32/62,III A,III,100,50,Frederiks Allé v/Kasernen,10.2011914675035,56.1523897870382,NO,ST,moved,Missing,Andreas has merged the 2 number 209 as it has been moved based on Tommy's statement in KML and TommyShelterAttributes. Address changed to match the first location by Andreas. Tommy placed the shelter at the new location Kunnerupvej v/gården Kolt,No,NA,NA,NA,NA,NA,No,NA,NA,NA,KML,2,56.1090828881998,10.0748830659454,KML,2,"Needs date of move and FAIMS and type, since Tommys list and the kommune does not agree in the type",NA,10.2011914675035,56.1523897870382
26,352,38,III A,III A,100,100,Standvejen overfor 138,10.213638,56.127419,YES,ST,moved,missing,Andreas changed location to one in maps from 1987 and google maps due to same location as another.,No,NA,NA,NA,NA,NA,Yes,IIIA,no FAIMS,100,Google Maps,2,NA,NA,NA,NA,Needs date of move and FAIMS and new location,NA,10.213638,56.127419
27,450,38,III A,III,100,50,Standvejen overfor 138,10.213613,56.127567,YES,ST,moved,missing,Andreas changed location to one in maps from 1987 and google maps due to same location as another.,No,NA,NA,NA,NA,NA,No,NA,NA,NA,Google Maps,2,NA,NA,NA,NA,Needs date of move and FAIMS and new location and type,NA,10.213613,56.127567
28,151,32/61,III A,III,100,50,"Vester Allé v/Retten i Aarhus  (Notar, Skifteretten og Fogedretten)",10.200093,56.154926,YES,NA,moved,Missing,Andreas has changed the location to match the first location mentioned in the KML and it matches the oldest-looking map from the 1987 collection. The address has also been changed to match the first location. Location changed to one in maps from 1987 and google maps due to same location as another.,No,NA,NA,NA,NA,NA,No,NA,NA,NA,Google Maps,2,56.0891245934688,10.1432623255454,KML,2,Needs date of move and FAIMS and and type,NA,10.200093,56.154926
29,153,32/61,III A,III,100,50,"Vester Allé v/Retten i Aarhus  (Notar, Skifteretten og Fogedretten)",10.200447,56.15498,YES,NA,moved,Missing,Andreas has changed the location to match the first location mentioned in the KML and it matches the oldest-looking map from the 1987 collection. The address has also been changed to match the first location. Location changed to one in maps from 1987 and google maps due to same location as another.,No,NA,NA,NA,NA,NA,No,NA,NA,NA,Google Maps,2,56.0892495374345,10.1447034099386,KML,5,Needs date of move and FAIMS and and type,NA,10.200447,56.15498
30,1916,60,III,III,50,50,Tranbjerg Tværvej,10.1343989143563,56.0961171376854,NO,NA,exist,No known change,No notes from Andreas,No,NA,NA,NA,NA,NA,Yes,III,no FAIMS,50,KML,4,56.0961171376854,10.1343989143563,KML,4,Needs FAIMS,NA,10.1343989143563,56.0961171376854
31,1915,59,III,III,50,50,Slet Ellemosevej 2,10.141720434754,56.1044070355166,NO,NA,NA,No known change,No notes from Andreas,No,NA,NA,NA,NA,NA,Yes,III,no FAIMS,50,KML,3,56.1044070355166,10.141720434754,KML,3,"Needs FAIMS, unsure if still exist",NA,10.141720434754,56.1044070355166
32,1617,50,III A,III A,100,100,Holme Ringvej v/Viadukten,10.1619323955385,56.1235243574695,NO,ST,exist,No known change,No notes from Andreas,No,NA,NA,NA,NA,NA,Yes,IIIA,no FAIMS,100,KML,5,56.1235243574695,10.1619323955385,KML,5,Needs FAIMS,NA,10.1619323955385,56.1235243574695
33,1624,51,III,III,50,50,Viby kommunes oplagsplads v/Bjørnbaksvej,10.1685455772695,56.1284366709333,NO,NA,NA,No known change,No notes from Andreas,No,NA,NA,NA,NA,NA,Yes,III,no FAIMS,50,KML,3,56.1284366709333,10.1685455772695,KML,3,Needs FAIMS,NA,10.1685455772695,56.1284366709333
34,1610,51,III,III,50,50,Terpvej/Kirkevej v/Viadukten,10.1683702790229,56.126044089104,NO,ST,NA,No known change,No notes from Andreas,No,NA,NA,NA,NA,NA,Yes,III,no FAIMS,50,KML,3,56.126044089104,10.1683702790229,KML,3,Needs FAIMS,NA,10.1683702790229,56.126044089104
35,1609,53,III,III,50,50,Midtagervej v/AGFs sportsplads,10.178842,56.124375,NO,NA,NA,No known change,Location is based on the maps from 1987 and google maps and added by Andreas,No,NA,NA,NA,NA,NA,Yes,III,no FAIMS,50,KML,2,56.124375,10.178842,KML,2,"Needs FAIMS, unsure if still exist",NA,10.178842,56.124375
36,1608,52,III,III,50,50,Rosenvangsallé v/rundkørslen,10.1843124761141,56.1270298766114,NO,ST,NA,No known change,No notes from Andreas,No,NA,NA,NA,NA,NA,Yes,III,no FAIMS,50,KML,2,56.1270298766114,10.1843124761141,KML,2,"Needs FAIMS, unsure if still exist",NA,10.1843124761141,56.1270298766114
37,1607,52,III,III,50,50,Terp Skovvej v/Vegavej,10.1863846362444,56.1264772605937,NO,NA,NA,No known change,No notes from Andreas,No,NA,NA,NA,NA,NA,Yes,III,no FAIMS,50,KML,2,56.1264772605937,10.1863846362444,KML,2,"Needs FAIMS, unsure if still exist",NA,10.1863846362444,56.1264772605937
38,202,32/55,III A,III A,100,100,Emanuel Sejrs Vej v/Kunsthal Aarhus,10.201861,56.154542,YES,ST,moved,Missing,Andreas has changed the location to match the first location mentioned in the KML and it matches the oldest-looking map from the 1987 collection. The address has also been changed to match the first location. Location changed to one in maps from 1987 and google maps due to same location as another.,No,NA,NA,NA,NA,NA,Yes,IIIA,no FAIMS,100,KML,2,56.116015705112,10.1836636044909,KML,3,Needs FAIMS and data of change,NA,10.201861,56.154542
39,203,32/55,III A,III A,100,100,Christiansgade v/Kunsthal Aarhus,10.202162,56.154655,YES,ST,moved,Missing,Andreas has changed the location to match the first location mentioned in the KML and it matches the oldest-looking map from the 1987 collection. The address has also been changed to match the first location. Location changed to one in maps from 1987 and google maps due to same location as another.,No,NA,NA,NA,NA,NA,Yes,IIIA,no FAIMS,100,KML,2,56.115636,10.183783,Google Maps,2,Needs FAIMS and data of change,NA,10.202162,56.154655
40,1902,54,III,III,50,50,Hjulbjergvej v/Holme skole,10.1783942048468,56.1148854964741,NO,ST,NA,No known change,"Data from Aarhus Civilforsvar shows the shelter should be on map 54, but no shelter can be seen on it. Based on the location it should be just at the bottom right corner. Map added by Andreas",No,NA,NA,NA,NA,NA,Yes,III,no FAIMS,50,KML,4,56.1148854964741,10.1783942048468,KML,4,Needs FAIMS,NA,10.1783942048468,56.1148854964741
41,1903,55,III,III,50,50,Elverdalsvej o/f. 133,10.1889808657943,56.1169799613696,NO,NA,NA,No known change,No notes from Andreas,No,NA,NA,NA,NA,NA,Yes,III,no FAIMS,50,KML,2,56.1169799613696,10.1889808657943,KML,1,"Needs FAIMS, unsure if still exist",NA,10.1889808657943,56.1169799613696
42,1909,57,III,III,50,50,Dybrovej v/Hotel Kragelund,10.2025375198082,56.1132637545532,NO,NA,NA,No known change,Only the location matching the maps from 1989 and the description is used by Andreas since the other location is seen as a mistype since it matches the location of 1609,No,NA,NA,NA,NA,NA,Yes,III,no FAIMS,50,KML,2,56.1132637545532,10.2025375198082,KML,1,"Needs FAIMS, unsure if still exist",NA,10.2025375198082,56.1132637545532
43,1911,57,III,III,50,50,Heidesvej v/Oddervej bag bibliotek,10.2072471515428,56.1141886767809,NO,NA,NA,No known change,No notes from Andreas,No,NA,NA,NA,NA,NA,Yes,III,no FAIMS,50,KML,2,56.1141886767809,10.2072471515428,KML,4,Needs FAIMS,NA,10.2072471515428,56.1141886767809
44,112,63/31,III A,III,100,50,Silkeborgvej v/Vandværket,10.189812,56.156386,YES,NA,moved,Missing,"Andreas has changed the location to match the first location in the maps from 1987, which must be the on at Silkeborgvej since the other is drawn on with a blue pen later at Beder Landevej v/Byagervej. The address has been changed to match that and it has been split from its shared location with 111 in the KML.",No,NA,NA,NA,NA,NA,No,NA,NA,NA,Google Maps,2,56.053722455923,10.2005319781253,KML,3,"Needs FAIMS, data of change, and type",NA,10.189812,56.156386
45,1917,58,IV,IV,50,50,Oddervej v/Hørhavevej,10.2095656375238,56.1125943138671,NO,ST,NA,No known change,No notes from Andreas,No,NA,NA,NA,NA,NA,Yes,IV,no FAIMS,50,KML,3,56.1125943138671,10.2095656375238,KML,2,"Needs FAIMS, unsure if still exist",NA,10.2095656375238,56.1125943138671
46,1918,56,IV,IV,50,50,Grumstolsvej 6,10.2092767563876,56.116454369367,NO,PR,Exist,No known change,No notes from Andreas,No,NA,NA,NA,NA,NA,Yes,IV,no FAIMS,50,KML,4,56.116454369367,10.2092767563876,KML,4,Needs FAIMS,NA,10.2092767563876,56.116454369367
47,479,40,III,III,50,50,Oddervej o/f. Egebæksvej,10.20742592144,56.1180686184636,NO,NA,NA,No known change,No notes from Andreas,No,NA,NA,NA,NA,NA,Yes,III,no FAIMS,50,KML,2,56.1180686184636,10.20742592144,KML,2,"Needs FAIMS, unsure if still exist",NA,10.20742592144,56.1180686184636
48,478,40,III,III,50,50,Oddervej v/radiomasterne,10.206931,56.121161,YES,NA,NA,No known change,Andreas changed location to one in maps from 1987 and google maps due to same location as another.,No,NA,NA,NA,NA,NA,Yes,III,no FAIMS,50,Google Maps,2,56.121161,10.206931,Google Maps,2,"Needs FAIMS, unsure if still exist",NA,10.206931,56.121161
49,477,40,III,III,50,50,Oddervej v/radiomasterne,10.206992,56.121549,YES,NA,NA,No known change,Andreas changed location to one in maps from 1987 and google maps due to same location as another.,No,NA,NA,NA,NA,NA,Yes,III,no FAIMS,50,Google Maps,2,56.121549,10.206992,Google Maps,2,"Needs FAIMS, unsure if still exist",NA,10.206992,56.121549
50,475,40,III,III,50,50,Oddervej v/radiomasterne,10.207028,56.12179,YES,NA,NA,No known change,Andreas changed location to one in maps from 1987 and google maps due to same location as another.,No,NA,NA,NA,NA,NA,Yes,III,no FAIMS,50,Google Maps,2,56.12179,10.207028,Google Maps,2,"Needs FAIMS, unsure if still exist",NA,10.207028,56.12179
51,473,40,III,III,50,50,Oddervej v/radiomasterne,10.2072010613572,56.1227434001467,NO,NA,NA,No known change,No notes from Andreas,No,NA,NA,NA,NA,NA,Yes,III,no FAIMS,50,KML,2,56.1227434001467,10.2072010613572,KML,2,"Needs FAIMS, unsure if still exist",NA,10.2072010613572,56.1227434001467
52,472,40,III,III,50,50,Oddervej overfor Frederikshøj kro,10.2083250266979,56.1250982970517,NO,ST,NA,No known change,No notes from Andreas,No,NA,NA,NA,NA,NA,Yes,III,no FAIMS,50,KML,2,56.1250982970517,10.2083250266979,KML,2,"Needs FAIMS, unsure if still exist",NA,10.2083250266979,56.1250982970517
60,464,39,III,III,50,50,Skovriddervej v/Skovriddergården,10.2017965579319,56.1246442451887,NO,NA,NA,No known change,Andreas changed location to one in maps from 1987 and google maps due to same location as another.,No,NA,NA,NA,NA,NA,Yes,III,no FAIMS,50,Google Maps,2,56.1246442451887,10.2017965579319,Google Maps,2,"Needs FAIMS, unsure if still exist",NA,10.2017965579319,56.1246442451887
61,465,39,III,III,50,50,Skovriddervej v/Skovriddergården,10.201803,56.124532,YES,NA,NA,No known change,Andreas changed location to one in maps from 1987 and google maps due to same location as another.,No,NA,NA,NA,NA,NA,Yes,III,no FAIMS,50,Google Maps,2,56.124532,10.201803,Google Maps,2,"Needs FAIMS, unsure if still exist",NA,10.201803,56.124532
62,460,37,III,III,50,50,Væddeløbsbane v/ Observatorievejen,10.197077,56.127024,YES,NA,NA,No known change,Andreas changed location to one in maps from 1987 and google maps due to same location as another.,No,NA,NA,NA,NA,NA,Yes,III,no FAIMS,50,Google Maps,3,56.127024,10.197077,Google Maps,3,Needs FAIMS,NA,10.197077,56.127024
63,461,37,III,III,50,50,Væddeløbsbane v/ Observatorievejen,10.197028,56.127053,YES,NA,NA,No known change,Andreas changed location to one in maps from 1987 and google maps due to same location as another.,No,NA,NA,NA,NA,NA,Yes,III,no FAIMS,50,Google Maps,3,56.127053,10.197028,Google Maps,3,Needs FAIMS,NA,10.197028,56.127053
64,462,37,III,III,50,50,Væddeløbsbane v/ Observatorievejen,10.196904,56.127106,YES,NA,NA,No known change,Andreas changed location to one in maps from 1987 and google maps due to same location as another.,No,NA,NA,NA,NA,NA,Yes,III,no FAIMS,50,Google Maps,3,56.127106,10.196904,Google Maps,3,Needs FAIMS,NA,10.196904,56.127106
65,463,37,III,III,50,50,Væddeløbsbane v/ Observatorievejen,10.196841,56.127142,YES,NA,NA,No known change,Andreas changed location to one in maps from 1987 and google maps due to same location as another.,No,NA,NA,NA,NA,NA,Yes,III,no FAIMS,50,Google Maps,3,56.127142,10.196841,Google Maps,3,Needs FAIMS,NA,10.196841,56.127142
84,506,36,IV A,IV A,100,100,Celebesvej v/TV-huset,10.212889361415,56.1452034520494,NO,NA,NA,No known change,No notes from Andreas,No,NA,NA,NA,NA,NA,Yes,IVA,no FAIMS,100,KML,4,56.1452034520494,10.212889361415,KML,4,Needs FAIMS,NA,10.212889361415,56.1452034520494
87,298,36,III A,III A,100,100,Strandparken v/Marselis Boulevard,10.2073044402469,56.1434897279909,NO,NA,Exist,No known change,No notes from Andreas,Yes,200,56.1434897279909,10.2073044402469,II,"Stated to be a type II in FAIMS, but actually IIIA Bdnr 298 + III Bdnr 300 in T shaped formation. Both coordinates needs to be ajusted Covers 2 shelters and needs to be changed. Coordinats ajusted by Andreas to match Tommy's data from KML and the maps from 1987, since both shelters had been givin a shared FAIMS data point",No,IIIA,based on the meeting 11/06-2024 it is belived the FAIMS are wrong and Tommy and Kommunen right,100,KML,3,56.1434897279909,10.2073044402469,KML,3,FAIMS 200 covers both BDnr. 298 and 300. Needs to be revisited and  both shelters needs their own FAIMS number,NA,10.2073044402469,56.1434897279909
88,300,36,III,III,50,50,Strandparken v/Marselis Boulevard,10.2070965382324,56.143455717409,NO,NA,Exist,No known change,No notes from Andreas,Yes,200,56.143455717409,10.2070965382324,II,"Stated to be a type II in FAIMS, but actually IIIA Bdnr 298 + III Bdnr 300 in T shaped formation. Both coordinates needs to be ajusted Covers 2 shelters and needs to be changed. Coordinats ajusted by Andreas to match Tommy's data from KML and the maps from 1987, since both shelters had been givin a shared FAIMS data point",No,III,based on the meeting 11/06-2024 it is belived the FAIMS are wrong and Tommy and Kommunen right,50,KML,3,56.143455717409,10.2070965382324,KML,3,FAIMS 200 covers both BDnr. 298 and 300. Needs to be revisited and  both shelters needs their own FAIMS number,NA,10.2070965382324,56.143455717409
89,301,35/64,III,III,50,50,Tietgensplads,10.203246,56.144512,YES,ST,moved,1980,"Andreas changed location to one in maps from 1987 and google maps due to same location as another. The second 301 shelter has been removed, since it it this one moved to Runevej",No,NA,NA,NA,NA,NA,Yes,III,no FAIMS,50,Google Maps,NA,56.173323,10.136367,Google Maps,3,301 has two FAIMS numbers. Could be a mistake. Historical maps suggest (uncertainty here as it’s faintly visible) that FAIMS 253 and 254 may be the entrance and exit out of a single vertically positioned shelter (301 according to the maps ?) while the two others 302 and 303 are in the eastern half of the square positioned east-west parallel to each other.,NA,10.203246,56.144512
90,302,35,III,III,50,50,Tietgensplads,10.203853,56.144619,YES,ST,Exist,No known change,Andreas changed location to one in maps from 1987 and google maps due to same location as another.,No,NA,NA,NA,NA,NA,Yes,III,no comments,50,Google Maps,NA,NA,NA,NA,NA,Based on historical 302 and 303 are in the eastern half of the square positioned east-west parallel to each other. Needs revisit to see if they still exist,NA,10.203853,56.144619
91,303,35,III,III,50,50,Tietgensplads,10.203868,56.144483,YES,ST,Exist,No known change,Andreas changed location to one in maps from 1987 and google maps due to same location as another.,No,NA,NA,NA,NA,NA,Yes,III,no comments,50,Google Maps,NA,NA,NA,NA,NA,Based on historical 302 and 303 are in the eastern half of the square positioned east-west parallel to each other. Needs revisit to see if they still exist,NA,10.203868,56.144483
101,502,34,IV A,IV A,100,100,Marselis Boulevard v/ Skanderborgvej,10.1818162651835,56.13922330543,NO,ST,NA,No known change,No notes from Andreas,No,NA,NA,NA,NA,NA,Yes,IVA,no FAIMS,100,KML,3,56.13922330543,10.1818162651835,KML,3,Needs FAIMS,NA,10.1818162651835,56.13922330543
102,250,34,III,III,50,50,Marselisborg Hospital,10.186481,56.142136,YES,ST,NA,No known change,Andreas changed location to one in maps from 1987 and google maps due to same location as another.,No,NA,NA,NA,NA,NA,Yes,III,no FAIMS,50,Google Maps,2,NA,NA,NA,moved_destroyed,"Needs date of changes the shelter is no longer visible, so its probably gone",NA,10.186481,56.142136
104,252,34,III,III,50,50,Marselisborg Hospital,10.186739,56.142031,YES,ST,NA,No known change,Andreas changed location to one in maps from 1987 and google maps due to same location as another.,No,NA,NA,NA,NA,NA,Yes,III,no FAIMS,50,Google Maps,2,NA,NA,NA,moved_destroyed,"Needs date of changes the shelter is no longer visible, so its probably gone",NA,10.186739,56.142031
105,253,34,III,III,50,50,Marselisborg Hospital,10.186329,56.1420247,YES,ST,NA,No known change,Andreas changed location to one in maps from 1987 and google maps due to same location as another.,No,NA,NA,NA,NA,NA,Yes,III,no FAIMS,50,Google Maps,2,NA,NA,NA,moved_destroyed,"Needs date of changes the shelter is no longer visible, so its probably gone",NA,10.186329,56.1420247
106,254,34,III,III,50,50,Marselisborg Hospital,10.186407,56.141984,YES,ST,NA,No known change,Andreas changed location to one in maps from 1987 and google maps due to same location as another.,No,NA,NA,NA,NA,NA,Yes,III,no FAIMS,50,Google Maps,2,NA,NA,NA,moved_destroyed,"Needs date of changes the shelter is no longer visible, so its probably gone",NA,10.186407,56.141984
107,255,34,III,III,50,50,Marselisborg Hospital,10.186478,56.141944,YES,ST,NA,No known change,Andreas changed location to one in maps from 1987 and google maps due to same location as another.,No,NA,NA,NA,NA,NA,Yes,III,no FAIMS,50,Google Maps,2,NA,NA,NA,moved_destroyed,"Needs date of changes the shelter is no longer visible, so its probably gone",NA,10.186478,56.141944
109,241,35,III,III,50,50,Sdr. Ringgade v/21,10.191646,56.142491,YES,ST,NA,No known change,Location is based on the maps from 1987 and google maps from 2015 and added by Andreas. Belived to have been destroyed or moved,No,NA,NA,NA,NA,NA,Yes,III,no FAIMS,50,KML,5,56.142491,10.191646,KML,5,Needs FAIMS,NA,10.191646,56.142491
115,233,35,III,III,50,50,Ingerslevs Boulevard v/7,10.194596,56.144489,YES,ST,NA,No known change,Andreas changed location to one in maps from 1987 and google maps due to same location as another.,No,NA,NA,NA,NA,NA,Yes,III,no FAIMS,50,Google Maps,2,NA,NA,NA,moved_destroyed,"Needs date of changes the shelter is no longer visible, so its probably gone",NA,10.194596,56.144489
116,232,35,III,III,50,50,Ingerslevs Boulevard v/11,10.194095,56.144436,YES,ST,NA,No known change,Andreas changed location to one in maps from 1987 and google maps due to same location as another.,No,NA,NA,NA,NA,NA,Yes,III,no FAIMS,50,Google Maps,2,NA,NA,NA,moved_destroyed,"Needs date of changes the shelter is no longer visible, so its probably gone",NA,10.194095,56.144436
117,231,35,III,III,50,50,Ingerslevs Boulevard v/19,10.192947707335,56.1443610374308,NO,ST,NA,No known change,No notes from Andreas,No,NA,NA,NA,NA,NA,Yes,III,no FAIMS,50,KML,2,NA,NA,NA,moved_destroyed,"Needs date of changes the shelter is no longer visible, so its probably gone",NA,10.192947707335,56.1443610374308
120,501,34,IV,IV,50,50,Læssøegade v/boldbanen bag skolen,10.1863695520089,56.1466018672576,NO,ST,NA,No known change,No notes from Andreas,No,NA,NA,NA,NA,NA,Yes,IV,no FAIMS,50,KML,3,NA,NA,NA,moved_destroyed,"Needs date of changes the shelter is no longer visible, so its probably gone",NA,10.1863695520089,56.1466018672576
123,471,34/65,III,III,50,50,Steinmannsgade,10.189598,56.147114,YES,NA,moved,1995,Andreas changed location to one in maps from 1987 and google maps due to same location as another. Based on the comments written on the map 65 from 1987 this shelter was moved to Ringvej Syd v/ Nordlige Bjergevej,No,NA,NA,NA,NA,NA,Yes,III,no FAIMS,50,Google Maps,2,56.106296,10.195039,Google Maps,3,Needs FAIMS,NA,10.189598,56.147114
124,222,34/65,III,III,50,50,Steinmannsgade,10.189749,56.146997,YES,NA,moved,1995,Andreas changed location to one in maps from 1987 and google maps due to same location as another. Based on the comments written on the map 65 from 1987 this shelter was moved to Ringvej Syd v/ Nordlige Bjergevej,No,NA,NA,NA,NA,NA,Yes,III,no FAIMS,50,Google Maps,2,56.1061,10.195768,Google Maps,3,Needs FAIMS,NA,10.189749,56.146997
128,260,31,III,III,50,50,Daugbjergvej i Materielgården,10.186249,56.154956,YES,NA,NA,No known change,Andreas changed location to one in maps from 1987 and google maps due to same location as another.,No,NA,NA,NA,NA,NA,Yes,III,no FAIMS,50,Google Maps,1,NA,NA,NA,moved_destroyed,"Needs date of changes the shelter is no longer visible, so its probably gone",NA,10.186249,56.154956
129,261,31,III,III,50,50,Daugbjergvej i Materielgården,10.186142,56.154747,YES,NA,NA,No known change,Andreas changed location to one in maps from 1987 and google maps due to same location as another.,No,NA,NA,NA,NA,NA,Yes,III,no FAIMS,50,Google Maps,1,NA,NA,NA,moved_destroyed,"Needs date of changes the shelter is no longer visible, so its probably gone",NA,10.186142,56.154747
130,481,31,IV A,IV A,100,100,Daugbjergvej v/Vester Ringgade,10.1834701328484,56.1548128461159,NO,PR,NA,No known change,No notes from Andreas,No,NA,NA,NA,NA,NA,Yes,IVA,no FAIMS,100,KML,2,NA,NA,NA,moved_destroyed,"Needs date of changes the shelter is no longer visible, so its probably gone",NA,10.1834701328484,56.1548128461159
135,378,31,III A,III A,100,100,Oldjordsvej bag legeplads,10.181988,56.157096,YES,NA,Exist,No known change,Andreas changed location to one in maps from 1987 and google maps due to same location as another.,Yes,107,56.1569879166667,10.1819734666667,III,"More accurate then maps from 1987, location should be changed to match FAIMS",No,NA,NA,NA,Google Maps,1,56.157096,10.181988,Google Maps,1,FAIMS type does not match the type from the Commune and Tommys data,NA,10.181988,56.157096
136,372,31,III A,III A,100,100,Oldjordsvej bag legeplads,10.181094,56.157046,YES,NA,Exist,No known change,Andreas changed location to one in maps from 1987 and google maps due to same location as another.,Yes,106,56.1572059,10.1814191,III,"More accurate then maps from 1987, location should be changed to match FAIMS",No,NA,NA,NA,FAIMS,2,56.1572059,10.1814191,FAIMS,2,FAIMS type does not match the type from the Commune and Tommys data,NA,10.1814191,56.1572059
137,370,31,III A,III A,100,100,Oldjordsvej bag legeplads,10.18057,56.15698,YES,NA,Exist,No known change,Andreas changed location to one in maps from 1987 and google maps due to same location as another.,Yes,105,56.15700996,10.1810419166668,III,"More accurate then maps from 1987, location should be changed to match FAIMS",No,NA,NA,NA,FAIMS,5,56.15700996,10.1810419166668,FAIMS,5,FAIMS type does not match the type from the Commune and Tommys data,NA,10.1810419166668,56.15700996
143,120,26,III,III,50,50,Viborgvej v/Vester Kirkegård,10.180485,56.161504,YES,ST,NA,No known change,Andreas changed location to one in maps from 1987 and google maps due to same location as another.,No,NA,NA,NA,NA,NA,Yes,III,no FAIMS,50,Google Maps,2,56.161504,10.180485,Google Maps,2,Needs FAIMS,NA,10.180485,56.161504
144,121,26,III,III,50,50,Viborgvej v/Vester Kirkegård,10.180068,56.161643,YES,ST,NA,No known change,Andreas changed location to one in maps from 1987 and google maps due to same location as another.,No,NA,NA,NA,NA,NA,Yes,III,no FAIMS,50,Google Maps,2,56.161643,10.180068,Google Maps,2,Needs FAIMS,NA,10.180068,56.161643
148,1805,41,IV,IV,50,50,Viborgvej overfor 184,10.1578199257387,56.1702538963743,NO,NA,NA,No known change,No notes from Andreas,No,NA,NA,NA,NA,NA,Yes,IV,no FAIMS,50,KML,2,56.1702538963743,10.1578199257387,KML,2,Needs FAIMS,NA,10.1578199257387,56.1702538963743
150,357,16,III A,III A,100,100,Tilst Vestervej,10.0956363295118,56.1915334009003,NO,ST,NA,No known change,No notes from Andreas,No,NA,NA,NA,NA,NA,Yes,IIIA,no FAIMS,100,KML,2,56.1915334009003,10.0956363295118,KML,2,Needs FAIMS,NA,10.0956363295118,56.1915334009003
151,258,16,III A,III A,100,100,Tilst Vestervej,10.091841732643,56.1898714687356,NO,ST,NA,No known change,No notes from Andreas,No,NA,NA,NA,NA,NA,Yes,IIIA,no FAIMS,100,KML,2,56.1898714687356,10.091841732643,KML,2,Needs FAIMS,NA,10.091841732643,56.1898714687356
152,272,15,III,III,50,50,Kirstinesminde,10.171158205644,56.1966866991939,NO,NA,Exist,No known change,No notes from Andreas,No,NA,NA,NA,NA,NA,Yes,III,no FAIMS,50,KML,2,56.1966866991939,10.171158205644,KML,2,Needs FAIMS,NA,10.171158205644,56.1966866991939
161,125,26,III,III,50,50,Vester Ringgade overfor 166,10.189834,56.16707,YES,ST,NA,No known change,Location is based on the maps from 1987 and google maps and added by Andreas,No,NA,NA,NA,NA,NA,Yes,III,no FAIMS,50,Google Maps,1,NA,NA,NA,moved_destroyed,"Needs year of changes. Can't be seen on maps, must likely moved or destroyed",NA,10.189834,56.16707
163,181,27,III,IV,50,50,Langelandsgade overfor 106,10.19693,56.163872,YES,ST,Exist,No known change,Andreas changed location to one in maps from 1987 and google maps due to same location as another.,Yes,166,56.1640062166667,10.19687745,III,location is 14 meters off on Google earth 2024,No,NA,NA,NA,KML,4,56.163872,10.19693,KML,4,The Commune claims its a IV but FAIMS and tommy states it a III,NA,10.19693,56.163872
174,507,28,III,III,50,50,Sverigesgade v/Lystbådepladsen,10.216766,56.162297,YES,NA,NA,No known change,Location is based on the maps from 1987 and google maps and added by Andreas,No,NA,NA,NA,NA,NA,Yes,III,no FAIMS,50,Google Maps,1,NA,NA,NA,moved_destroyed,"Needs year of changes. Can't be seen on maps, must likely moved or destroyed",NA,10.216766,56.162297
175,444,29,III,III,50,50,Riiskovstien ned for Klintegården,10.221699,56.168936,YES,NA,NA,No known change,Location is based on the maps from 1987 and google maps and added by Andreas,No,NA,NA,NA,NA,NA,Yes,III,no FAIMS,50,Google Maps,1,NA,NA,NA,moved_destroyed,"Needs year of changes. Can't be seen on maps, must likely moved or destroyed",NA,10.221699,56.168936
176,489,28,IV A,IV A,100,100,Sandgravvej,10.2166354697166,56.1660082154206,NO,NA,NA,No known change,No notes from Andreas,No,NA,NA,NA,NA,NA,Yes,IVA,no FAIMS,100,KML,2,56.1660082154206,10.2166354697166,KML,2,Needs FAIMS,NA,10.2166354697166,56.1660082154206
177,265,28,III,III,50,50,Nørrebrogade overfor skolen,10.2091642232258,56.1642930263278,NO,ST,NA,No known change,No notes from Andreas,No,NA,NA,NA,NA,NA,Yes,III,no FAIMS,50,KML,2,NA,NA,NA,moved_destroyed,"Needs year of changes. Can't be seen on maps, must likely moved or destroyed",NA,10.2091642232258,56.1642930263278
179,259,28,III,III,50,50,Vennelyst Boulevard v/O. Worms Allé,10.2058879708642,56.1657843052486,NO,NA,NA,No known change,No notes from Andreas,No,NA,NA,NA,NA,NA,Yes,III,no FAIMS,50,KML,1,NA,NA,NA,moved_destroyed,"Needs year of changes. Can't be seen on maps, must likely moved or destroyed",NA,10.2058879708642,56.1657843052486
185,365,28,III,III,50,50,Johanneskirken,10.2110761038403,56.1695365930062,NO,ST,NA,No known change,No notes from Andreas,No,NA,NA,NA,NA,NA,Yes,III,no FAIMS,50,KML,3,NA,NA,NA,moved_destroyed,"Needs year of changes. Can't be seen on maps, must likely moved or destroyed",NA,10.2110761038403,56.1695365930062
199,440,24,III,III,50,50,Riisskov v/Sjette Frederiks Kro,10.230921,56.177653,YES,NA,NA,No known change,Andreas changed location to one in maps from 1987 and google maps due to same location as another.,No,NA,NA,NA,NA,NA,Yes,III,no FAIMS,50,Google Maps,3,56.177653,10.230921,Google Maps,3,Needs FAIMS,NA,10.230921,56.177653
200,441,24,III,III,50,50,Riisskov v/Sjette Frederiks Kro,10.231112,56.177487,YES,NA,NA,No known change,Andreas changed location to one in maps from 1987 and google maps due to same location as another.,No,NA,NA,NA,NA,NA,Yes,III,no FAIMS,50,Google Maps,3,56.177487,10.231112,Google Maps,3,Needs FAIMS,NA,10.231112,56.177487
201,442,24,III,III,50,50,Riisskov v/Sjette Frederiks Kro,10.230948,56.17736,YES,NA,NA,No known change,Andreas changed location to one in maps from 1987 and google maps due to same location as another.,No,NA,NA,NA,NA,NA,Yes,III,no FAIMS,50,Google Maps,3,56.17736,10.230948,Google Maps,3,Needs FAIMS,NA,10.230948,56.17736
202,443,24,III,III,50,50,Riisskov v/Sjette Frederiks Kro,10.2299095817653,56.1763692674742,NO,NA,NA,No known change,No notes from Andreas,No,NA,NA,NA,NA,NA,Yes,III,no FAIMS,50,KML,2,56.1763692674742,10.2299095817653,KML,2,Needs FAIMS,NA,10.2299095817653,56.1763692674742
203,1502,11,III,III,50,50,Asylvej v/Vester Skovvej,10.2259915853062,56.1852910025738,NO,NA,NA,No known change,No notes from Andreas,No,NA,NA,NA,NA,NA,Yes,III,no FAIMS,50,KML,2,56.1852910025738,10.2259915853062,KML,2,Needs FAIMS,NA,10.2259915853062,56.1852910025738
204,1503,12,III,III,50,50,Øster Skovvej 10 v/ Krathusvej,10.2291350673263,56.182474179118,NO,NA,NA,No known change,No notes from Andreas,No,NA,NA,NA,NA,NA,Yes,III,no FAIMS,50,KML,2,NA,NA,NA,NA,"Needs FAIMS, unsure if still exist",NA,10.2291350673263,56.182474179118
205,1504,12/13,III,III,50,50,Stationsgade ved 25,10.2353734067556,56.1834511561196,NO,NA,moved,missing,texts on map 13 stats it was moved down the rode. The location on map 13 must therefore be the original. The location on map 12 is drawn on and is therefore likely the new location,No,NA,NA,NA,NA,NA,Yes,III,no FAIMS,50,KML,2,56.1838058013183,10.2337215272446,NA,NA,"Needs FAIMS, unsure if still exist",NA,10.2353734067556,56.1834511561196
206,1505,14,III,III,50,50,Rolighedvej 20,10.2378794329606,56.1862435069087,NO,NA,NA,No known change,No notes from Andreas,No,NA,NA,NA,NA,NA,Yes,III,no FAIMS,50,KML,2,NA,NA,NA,NA,"Needs FAIMS, unsure if still exist",NA,10.2378794329606,56.1862435069087
207,1510,8,III,III,50,50,Fortevej bag Regina,10.2431826295926,56.1921667609075,NO,NA,Exist,No known change,No notes from Andreas,No,NA,NA,NA,NA,NA,Yes,III,no FAIMS,50,KML,4,56.1921667609075,10.2431826295926,KML,4,Needs FAIMS,NA,10.2431826295926,56.1921667609075
208,1506,9,III,III,50,50,Bellevue,10.2466464507823,56.1905803203712,NO,ST,NA,No known change,No notes from Andreas,No,NA,NA,NA,NA,NA,Yes,III,no FAIMS,50,KML,2,NA,NA,NA,NA,"Needs FAIMS, unsure if still exist",NA,10.2466464507823,56.1905803203712
209,1515,6,III A,III A,100,100,Når. Strandvej v/tennisbaner,10.2487094795913,56.1946665842186,NO,NA,NA,No known change,No notes from Andreas,No,NA,NA,NA,NA,NA,Yes,IIIA,no FAIMS,100,KML,2,56.1946665842186,10.2487094795913,KML,2,Needs FAIMS,NA,10.2487094795913,56.1946665842186
210,1519,2,III,III,50,50,Når. Strandvej 159,10.2667900108931,56.202610435118,NO,NA,NA,No known change,No notes from Andreas,No,NA,NA,NA,NA,NA,Yes,III,no FAIMS,50,KML,2,NA,NA,NA,NA,"Needs FAIMS, unsure if still exist",NA,10.2667900108931,56.202610435118
211,1520,2,III,III,50,50,Humlevej udfor Sandagervej,10.2709505288003,56.1990937867415,NO,NA,Exist,No known change,No notes from Andreas,No,NA,NA,NA,NA,NA,Yes,III,no FAIMS,50,KML,3,56.1990937867415,10.2709505288003,KML,3,Needs FAIMS,NA,10.2709505288003,56.1990937867415
215,1500,5,III A,III A,100,100,Ellebjergvej v/Fortegården,10.2345939679239,56.1951658600114,NO,NA,NA,No known change,No notes from Andreas,No,NA,NA,NA,NA,NA,Yes,IIIA,no FAIMS,100,KML,2,56.1951658600114,10.2345939679239,KML,2,Needs FAIMS,NA,10.2345939679239,56.1951658600114
216,1509,7,III,III,50,50,Skolevangs Allé i anlægget,10.2292930221899,56.1917742018817,NO,ST,NA,No known change,No notes from Andreas,No,NA,NA,NA,NA,NA,Yes,III,no FAIMS,50,KML,2,56.1917742018817,10.2292930221899,KML,2,Needs FAIMS,NA,10.2292930221899,56.1917742018817
217,1513,3,III,III,50,50,Rigelsvej v/Grenåvej,10.2269283781807,56.1977683272747,NO,PR,NA,No known change,No notes from Andreas,No,NA,NA,NA,NA,NA,Yes,III,no FAIMS,50,KML,5,56.1977683272747,10.2269283781807,KML,5,Needs FAIMS,NA,10.2269283781807,56.1977683272747
218,1512,4,III,III,50,50,Grenåvej v/Fortebakken (Skolevangs Allé),10.220619,56.194634,YES,ST,NA,No known change,Andreas changed location to one in maps from 1987 and google maps due to same location as another.,No,NA,NA,NA,NA,NA,Yes,III,no FAIMS,50,Google Maps,3,56.194634,10.220619,Google Maps,3,Needs FAIMS,NA,10.220619,56.194634
219,158,4,III A,III A,100,100,Grenåvej v/Fortebakken,10.220849,56.19491,YES,ST,NA,No known change,Andreas changed location to one in maps from 1987 and google maps due to same location as another.,No,NA,NA,NA,NA,NA,Yes,IIIA,no FAIMS,100,Google Maps,3,56.19491,10.220849,Google Maps,3,Needs FAIMS,NA,10.220849,56.19491
220,452,4,III A,III A,100,100,Grenåvej v/Fortebakken,10.221364,56.194912,YES,ST,NA,No known change,Andreas changed location to one in maps from 1987 and google maps due to same location as another.,No,NA,NA,NA,NA,NA,Yes,IIIA,no FAIMS,100,Google Maps,1,NA,NA,NA,NA,"Needs FAIMS, unsure if still exist",NA,10.221364,56.194912
221,1606,4,III A,III A,100,100,Grenåvej v/Fortebakken,10.220795,56.195015,YES,ST,NA,No known change,Andreas changed location to one in maps from 1987 and google maps due to same location as another.,No,NA,NA,NA,NA,NA,Yes,IIIA,no FAIMS,100,Google Maps,1,56.195015,10.220795,Google Maps,3,Needs FAIMS,NA,10.220795,56.195015
222,1501,10,III,III,50,50,Grenåvej 126,10.2188623349507,56.1866624424318,NO,ST,NA,No known change,No notes from Andreas,No,NA,NA,NA,NA,NA,Yes,III,no FAIMS,50,KML,2,56.1866624424318,10.2188623349507,KML,2,"Needs FAIMS, unsure if still exist",NA,10.2188623349507,56.1866624424318
223,466,19,III,III,50,50,Riisvangs Allé udfor 3,10.2175549152893,56.1809499774161,NO,ST,NA,No known change,No notes from Andreas,No,NA,NA,NA,NA,NA,Yes,III,no FAIMS,50,KML,3,NA,NA,NA,moved_destroyed,"Needs date of changes the shelter is no longer visible, so its probably gone",NA,10.2175549152893,56.1809499774161
224,467,19,III,III,50,50,Riisvangs Allé udfor 7,10.2169519249722,56.181203703834,NO,ST,NA,No known change,No notes from Andreas,No,NA,NA,NA,NA,NA,Yes,III,no FAIMS,50,KML,3,NA,NA,NA,moved_destroyed,"Needs date of changes the shelter is no longer visible, so its probably gone",NA,10.2169519249722,56.181203703834
225,468,19,III,III,50,50,Riisvangs Allé udfor 11,10.2163485131875,56.1814674728068,NO,ST,NA,No known change,No notes from Andreas,No,NA,NA,NA,NA,NA,Yes,III,no FAIMS,50,KML,3,NA,NA,NA,moved_destroyed,"Needs date of changes the shelter is no longer visible, so its probably gone",NA,10.2163485131875,56.1814674728068
226,469,19,III,III,50,50,Riisvangs Allé udfor 13,10.2158426480299,56.181672183526,NO,ST,NA,No known change,No notes from Andreas,No,NA,NA,NA,NA,NA,Yes,III,no FAIMS,50,KML,3,NA,NA,NA,moved_destroyed,"Needs date of changes the shelter is no longer visible, so its probably gone",NA,10.2158426480299,56.181672183526
227,470,19,III,III,50,50,Riisvangs Allé udfor 15,10.2151911992749,56.1818683577157,NO,ST,NA,No known change,No notes from Andreas,No,NA,NA,NA,NA,NA,Yes,III,no FAIMS,50,KML,3,NA,NA,NA,moved_destroyed,"Needs date of changes the shelter is no longer visible, so its probably gone",NA,10.2151911992749,56.1818683577157
228,395,19,III,III,50,50,Riisvangs Allé udfor 28,10.2110242075766,56.1827420475916,NO,ST,NA,No known change,No notes from Andreas,No,NA,NA,NA,NA,NA,Yes,III,no FAIMS,50,KML,3,NA,NA,NA,moved_destroyed,"Needs date of changes the shelter is no longer visible, so its probably gone",NA,10.2110242075766,56.1827420475916
230,494,18,IV,IV,50,50,Riisvangs Allé v/Niels Ebbesens Plads,10.2046278990839,56.1837154635797,NO,ST,Destoyed,missing,No notes from Andreas,No,NA,NA,NA,NA,NA,Yes,IV,no FAIMS,50,KML,3,NA,NA,NA,moved_destroyed,"Needs date of changes the shelter is no longer visible, so its probably gone",NA,10.2046278990839,56.1837154635797
231,131,18,III,III,50,50,Randersvej v/Lindholmvej,10.193997,56.187709,YES,ST,NA,No known change,Andreas changed location to one in maps from 1987 and google maps due to same location as another.,No,NA,NA,NA,NA,NA,Yes,III,no FAIMS,50,Google Maps,2,56.187709,10.193997,Google Maps,2,Needs FAIMS,NA,10.193997,56.187709
232,214,18,III A,III A,100,100,Randersvej v/Lindholmvej,10.193833,56.187861,YES,ST,NA,No known change,Andreas changed location to one in maps from 1987 and google maps due to same location as another.,No,NA,NA,NA,NA,NA,Yes,IIIA,no FAIMS,100,Google Maps,2,56.187861,10.193833,Google Maps,2,Needs FAIMS,NA,10.193833,56.187861
233,206,18,III A,III A,100,100,Randersvej v/Lindholmvej,10.193276,56.188254,YES,ST,NA,No known change,Andreas changed location to one in maps from 1987 and google maps due to same location as another.,No,NA,NA,NA,NA,NA,Yes,IIIA,no FAIMS,100,Google Maps,2,56.188254,10.193276,Google Maps,2,Needs FAIMS,NA,10.193276,56.188254
234,1701,18,III A,III A,100,100,Randersvej v/Lindholmvej,10.192208,56.189106,YES,ST,NA,No known change,Andreas changed location to one in maps from 1987 and google maps due to same location as another.,No,NA,NA,NA,NA,NA,Yes,IIIA,no FAIMS,100,Google Maps,2,56.189106,10.192208,Google Maps,2,Needs FAIMS,NA,10.192208,56.189106
235,351,18,III,III,50,50,Randersvej v/Lindholmvej,10.191719,56.189427,YES,ST,NA,No known change,Andreas changed location to one in maps from 1987 and google maps due to same location as another.,No,NA,NA,NA,NA,NA,Yes,III,no FAIMS,50,Google Maps,2,56.189427,10.191719,Google Maps,2,Needs FAIMS,NA,10.191719,56.189427
236,397,22,III,III,50,50,Randersvej 76 v/Skovvangsvej,10.2020486750684,56.1762051940929,NO,ST,NA,No known change,No notes from Andreas,No,NA,NA,NA,NA,NA,Yes,III,no FAIMS,50,KML,2,56.1762051940929,10.2020486750684,KML,2,Needs FAIMS,NA,10.2020486750684,56.1762051940929
245,410,23,III,III,50,50,Herluf Trollesgade 42 i gården,10.2158232348978,56.1732438714009,NO,PR,NA,No known change,No notes from Andreas,No,NA,NA,NA,NA,NA,Yes,III,no FAIMS,50,KML,2,56.1732438714009,10.2158232348978,KML,2,Needs FAIMS,NA,10.2158232348978,56.1732438714009
258,486,27,III,III,50,50,Vester Ringgade v/Hangøvej,10.194748,56.169473000000004,YES,ST,Exist,No known change,Location is based on the maps from 1987 and google maps and added by Andreas,Yes,276,56.1694302833333,10.1948606,III A,Location is 5 meters off on google maps 2024,No,NA,NA,NA,FAIMS,4,56.1694302833333,10.1948606,FAIMS,4,"FAIMS claims IIIa, Tommy and the Commune state its a III",NA,10.1948606,56.1694302833333
259,476,27,III,III,50,50,Vester Ringgade v/Hangøvej,10.194307,56.169308,YES,ST,NA,No known change,Location is based on the maps from 1987 and google maps and added by Andreas,No,NA,NA,NA,NA,NA,Yes,III,no FAIMS,50,Google Maps,1,NA,NA,NA,moved_destroyed,"Needs FAIMS, unsure if still exist",NA,10.194307,56.169308
260,499,21,IV A,IV A,100,100,Katrinebjergvej 81,10.1935460640587,56.172764029576,NO,NA,NA,No known change,No notes from Andreas,No,NA,NA,NA,NA,NA,Yes,IVA,no FAIMS,100,KML,2,56.172764029576,10.1935460640587,KML,2,Needs FAIMS,NA,10.1935460640587,56.172764029576
270,496,20,IV,IV,50,50,Hasle Ringvej v/ Paludan Müllers vej,10.1787673801785,56.1763023329102,NO,NA,NA,No known change,"No address in TommyShelterAttributes file, added by Andreas using the location given by the maps from 1987",No,NA,NA,NA,NA,NA,Yes,IV,no FAIMS,50,KML,2,NA,NA,NA,NA,"Needs FAIMS, unsure if still exist",NA,10.1787673801785,56.1763023329102
271,487,27,IV A,IV A,100,100,Langelandsgade v/Universitetsparken 513,10.1982952300454,56.1685664672937,NO,NA,NA,No known change,"No address in TommyShelterAttributes file, added by Andreas using the location given by the maps from 1988",No,NA,NA,NA,NA,NA,Yes,IVA,no FAIMS,100,KML,2,NA,NA,NA,moved_destroyed,"Needs FAIMS, unsure if still exist",NA,10.1982952300454,56.1685664672937
272,111,31,III,III,50,50,Silkeborgvej v/ Ceresbyen 21,10.1898346882758,56.1565949719496,YES,NA,NA,No known change,"Andreas changed location to one in maps from 1987 and google maps due to same location as another. No address in TommyShelterAttributes file, added by Andreas using the location given by the maps from 1988",No,NA,NA,NA,NA,NA,Yes,III,no FAIMS,50,Google Maps,1,NA,NA,NA,moved_destroyed,"Needs FAIMS, unsure if still exist",NA,10.1898346882758,56.1565949719496
273,205,32,III,NA,50,NA,Emanuel Sejrs Gade v/ Kunsthal Aarhus,10.201107,56.154784,YES,NA,NA,No known change,"Andreas changed location to one in maps from 1987 and google maps due to same location as another. No address in TommyShelterAttributes file, added by Andreas using the location given by the maps from 1988",No,NA,NA,NA,NA,NA,Yes,III,no FAIMS or Kommune,50,Google Maps,1,NA,NA,NA,moved_destroyed,"Needs FAIMS, unsure if still exist",NA,10.201107,56.154784
274,204,32,III,NA,50,NA,J. M. Mørks gade v/ Christiansgade,10.202561,56.154961,YES,NA,NA,No known change,"Andreas changed location to one in maps from 1987 and google maps due to same location as another. No address in TommyShelterAttributes file, added by Andreas using the location given by the maps from 1988",No,NA,NA,NA,NA,NA,Yes,III,no FAIMS or Kommune,50,Google Maps,1,NA,NA,NA,moved_destroyed,"Needs FAIMS, unsure if still exist",NA,10.202561,56.154961
275,210,32,III,III,50,50,Frederiks Allé v/ Det Mosaiske Troessamfunds kirkegård,10.2008300473431,56.1520270399953,NO,NA,NA,No known change,"No address in TommyShelterAttributes file, added by Andreas using the location given by the maps from 1987",No,NA,NA,NA,NA,NA,Yes,III,no FAIMS,50,KML,2,NA,NA,NA,NA,"Needs FAIMS, unsure if still exist",NA,10.2008300473431,56.1520270399953
276,290,36,III,NA,50,NA,Jærgergårdsgade v/ Celebesvej,10.2142596216708,56.1470444594683,NO,NA,NA,No known change,"No address in TommyShelterAttributes file, added by Andreas using the location given by the maps from 1987",No,NA,NA,NA,NA,NA,Yes,III,no FAIMS or Kommune,50,KML,2,NA,NA,NA,moved_destroyed,"Needs FAIMS, unsure if still exist",NA,10.2142596216708,56.1470444594683
277,1710,46,III,III,50,50,Vibyvej v/ Parken Åbyhøj,10.1642616505729,56.1519861331433,NO,NA,moved,missing,"Andreas has added the fact that it has been moved due to notes in KML and the maps from 1987. No address in TommyShelterAttributes file, added by Andreas using the location given by the maps from 1987",No,NA,NA,NA,NA,NA,Yes,III,no FAIMS,50,KML,2,NA,NA,NA,moved_destroyed,"Needs FAIMS, unsure if still exist, needs date of changes",NA,10.1642616505729,56.1519861331433
278,9999,15,III A,NA,100,NA,Kirstinesminde,10.1703671153095,56.1967897400044,NO,NA,Exist,No known change,No notes from Andreas,No,NA,NA,NA,NA,NA,Yes,IIIA,no FAIMS or Kommune,100,KML,4,56.1967897400044,10.1703671153095,KML,4,Needs FAIMS,NA,10.1703671153095,56.1967897400044
